URL,content_type,bytes,response
"http://localhost:3001/",text/html; charset=utf-8,2726,200
"http://localhost:3001/static/favicon.ico",text/html; charset=utf-8,2726,200
"http://localhost:3001/static/logo192.png",text/html; charset=utf-8,2726,200
"http://localhost:3001/static/%5C%22%5C%22;%5Cn",text/html; charset=utf-8,2726,200
"http://localhost:3001/static/hashIndex",text/html; charset=utf-8,2726,200
"http://localhost:3001/static/typeof",text/html; charset=utf-8,2726,200
"http://localhost:3001/static/href.replace%28/",text/html; charset=utf-8,2726,200
"http://localhost:3001/static/%280,react_router__WEBPACK_IMPORTED_MODULE_3__.useHref%29%28to,",text/html; charset=utf-8,2726,200
"http://localhost:3001/static/_a.src,",text/html; charset=utf-8,2726,200
"http://localhost:3001/static/url;%5Cn%5Cn",text/html; charset=utf-8,2726,200
"http://localhost:3001/static/urlParsingNode.href;%5Cn",text/html; charset=utf-8,2726,200
"http://localhost:3001/static/%7B%7D;%5Cn",text/html; charset=utf-8,2726,200
"http://localhost:3001/static/%27%20+%20expected%29;%5Cn%20%20%20%20%20%20%7D%5Cn%5Cn%20%20%20%20%20%20var%20attributeName%20=%20propertyInfo.attributeName;%5Cn%20%20%20%20%20%20var%20stringValue%20=%20null;%5Cn%5Cn%20%20%20%20%20%20if%20%28propertyInfo.type%20===%20OVERLOADED_BOOLEAN%29%20%7B%5Cn%20%20%20%20%20%20%20%20if%20%28node.hasAttribute%28attributeName%29%29%20%7B%5Cn%20%20%20%20%20%20%20%20%20%20var%20value%20=%20node.getAttribute%28attributeName%29;%5Cn%5Cn%20%20%20%20%20%20%20%20%20%20if%20%28value%20===%20%27",text/html; charset=utf-8,2726,200
"http://localhost:3001/static/to",text/html; charset=utf-8,2726,200
"http://localhost:3001/static/createHref%28to",text/html; charset=utf-8,2726,200
"http://localhost:3001/static/href,%20base",text/html; charset=utf-8,2726,200
"http://localhost:3001/static/redirect.location",text/html; charset=utf-8,2726,200
"http://localhost:3001/static/request.url",text/html; charset=utf-8,2726,200
"http://localhost:3001/static/state.location",text/html; charset=utf-8,2726,200
"http://localhost:3001/static/location",text/html; charset=utf-8,2726,200
"http://localhost:3001/static/currentUrl.protocol%20+%20location",text/html; charset=utf-8,2726,200
"http://localhost:3001/static/stripHashFromPath%28location",text/html; charset=utf-8,2726,200
"http://localhost:3001/static/$%7B___CSS_LOADER_URL_REPLACEMENT_0___%7D",text/html; charset=utf-8,2726,200
"http://localhost:3001/static/$%7B___CSS_LOADER_URL_REPLACEMENT_1___%7D",text/html; charset=utf-8,2726,200
"http://localhost:3001/static/$%7B___CSS_LOADER_URL_REPLACEMENT_2___%7D",text/html; charset=utf-8,2726,200
"http://localhost:3001/static/$%7B___CSS_LOADER_URL_REPLACEMENT_3___%7D",text/html; charset=utf-8,2726,200
"http://localhost:3001/static/$%7B___CSS_LOADER_URL_REPLACEMENT_4___%7D",text/html; charset=utf-8,2726,200
"http://localhost:3001/static/$%7B___CSS_LOADER_URL_REPLACEMENT_5___%7D",text/html; charset=utf-8,2726,200
"http://localhost:3001/static/$%7B___CSS_LOADER_URL_REPLACEMENT_6___%7D",text/html; charset=utf-8,2726,200
"http://localhost:3001/static/$%7B___CSS_LOADER_URL_REPLACEMENT_7___%7D",text/html; charset=utf-8,2726,200
"http://localhost:3001/static/$%7B___CSS_LOADER_URL_REPLACEMENT_8___%7D",text/html; charset=utf-8,2726,200
"http://localhost:3001/static/$%7B___CSS_LOADER_URL_REPLACEMENT_9___%7D",text/html; charset=utf-8,2726,200
"http://localhost:3001/static/$%7B___CSS_LOADER_URL_REPLACEMENT_10___%7D",text/html; charset=utf-8,2726,200
"http://localhost:3001/static/$%7B___CSS_LOADER_URL_REPLACEMENT_11___%7D",text/html; charset=utf-8,2726,200
"http://localhost:3001/static/$%7B___CSS_LOADER_URL_REPLACEMENT_12___%7D",text/html; charset=utf-8,2726,200
"http://localhost:3001/static/$%7B___CSS_LOADER_URL_REPLACEMENT_13___%7D",text/html; charset=utf-8,2726,200
"http://localhost:3001/static/$%7B___CSS_LOADER_URL_REPLACEMENT_14___%7D",text/html; charset=utf-8,2726,200
"http://localhost:3001/static/$%7B___CSS_LOADER_URL_REPLACEMENT_15___%7D",text/html; charset=utf-8,2726,200
"http://localhost:3001/static/$%7B___CSS_LOADER_URL_REPLACEMENT_16___%7D",text/html; charset=utf-8,2726,200
"http://localhost:3001/static/$%7B___CSS_LOADER_URL_REPLACEMENT_17___%7D",text/html; charset=utf-8,2726,200
"http://localhost:3001/static/url",text/html; charset=utf-8,2726,200
"http://localhost:3001/static/attributeValue.toString%28",text/html; charset=utf-8,2726,200
"http://localhost:3001/static/window.location.href",text/html; charset=utf-8,2726,200
"http://localhost:3001/static/currentUrl.protocol%20+%20to",text/html; charset=utf-8,2726,200
"http://localhost:3001/static/urlObject.toString%28",text/html; charset=utf-8,2726,200
"http://localhost:3001/static/url,%20params,%20options",text/html; charset=utf-8,2726,200
"http://localhost:3001/static/requestURL",text/html; charset=utf-8,2726,200
"http://localhost:3001/static/2.jpg",text/html; charset=utf-8,2726,200
"http://localhost:3001/static/urlOverride",text/html; charset=utf-8,2726,200
"http://localhost:3001/static/swiper.params.url",text/html; charset=utf-8,2726,200
